Title;Title_link;Thumbnail;detail-price;feedback-txt;tag-item
Nike Air 2018 Vapormax Flyknit 2 Parent-child Shoes Original Air Cushion Adult And Kids Running Shoes Sports Sneakers #942842;https://www.aliexpress.com/item/4000516386911.html?gps-id=6038561&scm=1007.23961.125497.0&scm_id=1007.23961.125497.0&scm-url=1007.23961.125497.0&pvid=17c73aee-0ebb-4a29-9b41-cb43a184f551;https://ae01.alicdn.com/kf/Hc870563cb50c4aabbc05953bb76928ec0.jpg_350x350.jpg;US $49.01;34 positive feedback;PICK OF THE DAY | - 71%
ROHWXY SUN 5X Plus UV LED Lamp For Nails Dryer 54W/48W/36W Ice Lamp For Manicure Gel Nail Lamp Drying Lamp For Gel Varnish;https://www.aliexpress.com/item/32963316221.html?gps-id=5950812&scm=1007.23961.125497.0&scm_id=1007.23961.125497.0&scm-url=1007.23961.125497.0&pvid=0fcade7c-c3c3-4e94-8d3d-630466ab518a;https://ae01.alicdn.com/kf/H28256715531144799218acd002e47191Q.jpg_350x350.jpg;US $12.84;14135 positive feedback;Free Return
CURREN Watches Men Brand Men Sport Watches Men's Quartz Clock Man Casual Military Waterproof Wrist Watch relogio masculino;https://www.aliexpress.com/item/33009708827.html?gps-id=5950812&scm=1007.23961.125497.0&scm_id=1007.23961.125497.0&scm-url=1007.23961.125497.0&pvid=0fcade7c-c3c3-4e94-8d3d-630466ab518a;https://ae01.alicdn.com/kf/HTB1qAC_a2c3T1VjSZLeq6zZsVXaK.jpg_350x350.jpg;US $23.99;2058 positive feedback;Free Return
Dropshipping Digital Thermometer Infrared Baby Adult Forehead Non-contact Infrared Thermometer With LCD Backlight Termometro;https://www.aliexpress.com/item/32909555524.html?gps-id=5950812&scm=1007.23961.125497.0&scm_id=1007.23961.125497.0&scm-url=1007.23961.125497.0&pvid=0fcade7c-c3c3-4e94-8d3d-630466ab518a;https://ae01.alicdn.com/kf/HTB1_fy7cjbguuRkHFrdq6z.LFXaF.jpg_350x350.jpg;US $11.00;;Free Return
3Pcs/lot Seamless Panty Set Underwear Female Comfort Intimates Fashion Female Low-Rise Briefs 6 Colors Lingerie Drop Shipping;https://www.aliexpress.com/item/32954105603.html?gps-id=5950812&scm=1007.23961.125497.0&scm_id=1007.23961.125497.0&scm-url=1007.23961.125497.0&pvid=0fcade7c-c3c3-4e94-8d3d-630466ab518a;https://ae01.alicdn.com/kf/HTB1MGLAT7voK1RjSZFDq6xY3pXan.jpg_350x350.jpg;US $4.29;10474 positive feedback;
PZOZ 1M 2M Magnetic Cable Micro usb Type C Fast Charging Microusb Type-C Magnet Charger Wire usb c For iphone 11 X Xr usb cable;https://aliexpress.ru/item/32849697882.html?gps-id=5950812&scm=1007.23961.125497.0&scm_id=1007.23961.125497.0&scm-url=1007.23961.125497.0&pvid=0fcade7c-c3c3-4e94-8d3d-630466ab518a;https://ae01.alicdn.com/kf/Hb3398430c01a4478b8f33ada1fe6f029b.jpg_350x350.jpg;US $0.77;76811 positive feedback;Free Return
Curren Woman Watches Rose Gold Top Brand Luxury Watch Women Quartz Waterproof Women's Wristwatch Ladies Girls Watches Clock;https://www.aliexpress.com/item/33027554480.html?gps-id=5950812&scm=1007.23961.125497.0&scm_id=1007.23961.125497.0&scm-url=1007.23961.125497.0&pvid=0fcade7c-c3c3-4e94-8d3d-630466ab518a;https://ae01.alicdn.com/kf/HTB1KObRaB1D3KVjSZFyq6zuFpXaq.jpg_350x350.jpg;US $16.95;215 positive feedback;Free Return
316L stainless steel watchband bezel/case DW5600 GW5000 GW-M5610 metal strap steel belt tools for men/women gift;https://www.aliexpress.com/item/33042715860.html?gps-id=5950812&scm=1007.23961.125497.0&scm_id=1007.23961.125497.0&scm-url=1007.23961.125497.0&pvid=0fcade7c-c3c3-4e94-8d3d-630466ab518a;https://ae01.alicdn.com/kf/Hd61bcea09e4e4abe9cc3833bc296fd15k.jpg_350x350.jpg;US $24.40;219 positive feedback;
H96 MAX RK3318 Smart TV Box Android 9.0 4GB 32GB 64GB Media player 4K Google Voice Assistant Netflix Youtube H96MAX 2GB16GB;https://www.aliexpress.com/item/33017414051.html?gps-id=5950812&scm=1007.23961.125497.0&scm_id=1007.23961.125497.0&scm-url=1007.23961.125497.0&pvid=0fcade7c-c3c3-4e94-8d3d-630466ab518a;https://ae01.alicdn.com/kf/HTB1s32aXBiE3KVjSZFMq6zQhVXa1.jpg_350x350.jpg;US $24.79;23166 positive feedback;Free Return
NO.ONEPAUL Tactical belt Military high quality Nylon men's training belt metal multifunctional buckle outdoor sports hook new;https://www.aliexpress.com/item/33039492790.html?gps-id=5950812&scm=1007.23961.125497.0&scm_id=1007.23961.125497.0&scm-url=1007.23961.125497.0&pvid=0fcade7c-c3c3-4e94-8d3d-630466ab518a;https://ae01.alicdn.com/kf/HTB1fHoddAWE3KVjSZSyq6xocXXaH.jpg_350x350.jpg;US $6.73;17162 positive feedback;
In Stock Xiaomi Mi Band 4 Smart Miband 3 Color AMOLED Screen Bracelet Heart Rate Fitness Tracker Bluetooth5.0 Waterproof Miband4;https://www.aliexpress.com/item/33037922702.html?gps-id=5950812&scm=1007.23961.125497.0&scm_id=1007.23961.125497.0&scm-url=1007.23961.125497.0&pvid=0fcade7c-c3c3-4e94-8d3d-630466ab518a;https://ae01.alicdn.com/kf/Hfe87b12a020b4632bb5871ce4c0b256cZ.jpg_350x350.jpg;US $25.10;92173 positive feedback;Free Return
Dropshipping Lash lift Kit Makeupbemine Eyelash Perming Kit ICONSIGN Lashes Perm Set Can Do Your Logo And Ship By Fast Shippment;https://aliexpress.ru/item/32856003453.html?gps-id=5950812&scm=1007.23961.125497.0&scm_id=1007.23961.125497.0&scm-url=1007.23961.125497.0&pvid=0fcade7c-c3c3-4e94-8d3d-630466ab518a;https://ae01.alicdn.com/kf/H5af40fac22494dba9f03f8df1c969702U.jpg_350x350.jpg;US $11.55;3186 positive feedback;Free Return,fast shipping
Knife Sharpener 3 Stages Professional Kitchen Sharpening Stone Grinder knives Whetstone Tungsten Diamond Ceramic Sharpener Tool;https://www.aliexpress.com/item/32838478497.html?gps-id=5950812&scm=1007.23961.125497.0&scm_id=1007.23961.125497.0&scm-url=1007.23961.125497.0&pvid=0fcade7c-c3c3-4e94-8d3d-630466ab518a;https://ae01.alicdn.com/kf/HTB19WyjXyYrK1Rjy0Fdq6ACvVXax.jpg_350x350.jpg;US $6.79;16594 positive feedback;Free Return
BEAUDIVA Brazilian Hair Body Wave 3 Bundles With Closure Human Hair Bundles With Closure Lace Closure Remy Human Hair Extension;https://www.aliexpress.com/item/32845500751.html?gps-id=5950812&scm=1007.23961.125497.0&scm_id=1007.23961.125497.0&scm-url=1007.23961.125497.0&pvid=5d2d5649-c3ef-490f-afa8-21815c23f2cd;https://ae01.alicdn.com/kf/H9cddcb8c786d49339622f8fecb89a834y.jpg_350x350.jpg;US $44.37;890 positive feedback;fast shipping
ILIFE V7s Plus Robot Vacuum Cleaner Sweep&Wet Mop Simultaneously For Hard Floors&Carpet Run 120mins before Automatically Charge;https://www.aliexpress.com/item/32788286573.html?gps-id=5950812&scm=1007.23961.125497.0&scm_id=1007.23961.125497.0&scm-url=1007.23961.125497.0&pvid=5d2d5649-c3ef-490f-afa8-21815c23f2cd;https://ae01.alicdn.com/kf/He622692adffe4d668e6b01ec7b4a9295g.jpg_350x350.jpg;US $189.99;6946 positive feedback;
Xiaomi Mi Band 4 Smart Bracelet 3 Color AMOLED Screen Miband 4 Smartband Fitness Traker Bluetooth Sport Waterproof Smart Band;https://www.aliexpress.com/item/33034288052.html?gps-id=5950812&scm=1007.23961.125497.0&scm_id=1007.23961.125497.0&scm-url=1007.23961.125497.0&pvid=5d2d5649-c3ef-490f-afa8-21815c23f2cd;https://ae01.alicdn.com/kf/Hbf8694d0fd76478880330ad435b87818y.jpg_350x350.jpg;US $24.60;72805 positive feedback;
KSR914 Smart Watch Fitness Tracker Men Women Wearable Devices Smart Band Heart Rate Monitor ECG Detection  Smart Bracelet;https://www.aliexpress.com/item/10000010369154.html?gps-id=5950812&scm=1007.23961.125497.0&scm_id=1007.23961.125497.0&scm-url=1007.23961.125497.0&pvid=5d2d5649-c3ef-490f-afa8-21815c23f2cd;https://ae01.alicdn.com/kf/H32792d057d3a46aa87a03f36f53951f31.jpg_350x350.jpg;US $28.31;625 positive feedback;Free Return
Fifine Metal USB Condenser Recording Microphone For Laptop MAC Or Windows Cardioid Studio Recording Vocals  Voice Over, YouTube;https://www.aliexpress.com/item/32931005654.html?gps-id=5950812&scm=1007.23961.125497.0&scm_id=1007.23961.125497.0&scm-url=1007.23961.125497.0&pvid=5d2d5649-c3ef-490f-afa8-21815c23f2cd;https://ae01.alicdn.com/kf/HTB1mU.5XyrxK1RkHFCcq6AQCVXar.jpg_350x350.jpg;US $31.99;8290 positive feedback;Free Return,fast shipping
Black warm pants winter skinny thick velvet wool fleece girls leggings women Trousers Lambskin Cashmere Pants For Women leggings;https://www.aliexpress.com/item/4000114443001.html?gps-id=5950812&scm=1007.23961.125497.0&scm_id=1007.23961.125497.0&scm-url=1007.23961.125497.0&pvid=5d2d5649-c3ef-490f-afa8-21815c23f2cd;https://ae01.alicdn.com/kf/H106ae7610fc04028960048d358900ffcQ.jpg_350x350.jpg;US $17.85;9275 positive feedback;Free Return
Essager Magnetic Micro USB Cable For iPhone Samsung Fast Charging Data Wire Cord Magnet Charger USB Type C 3m Mobile Phone Cable;https://www.aliexpress.com/item/1000006327495.html?gps-id=5950812&scm=1007.23961.125497.0&scm_id=1007.23961.125497.0&scm-url=1007.23961.125497.0&pvid=5d2d5649-c3ef-490f-afa8-21815c23f2cd;https://ae01.alicdn.com/kf/H897788aedbe54f339f3be08702a1d5e5y.jpg_350x350.jpg;US $0.01;54228 positive feedback;Free Return
Simenual Casual Fashion Reflective Striped Two Piece Outfits Women Long Sleeve Top And Mini Skirt Sets 2020 White Matching Set;https://www.aliexpress.com/item/33041364314.html?gps-id=5950812&scm=1007.23961.125497.0&scm_id=1007.23961.125497.0&scm-url=1007.23961.125497.0&pvid=5d2d5649-c3ef-490f-afa8-21815c23f2cd;https://ae01.alicdn.com/kf/H6bf938ff18604f639cc7894a298a8bf94.jpg_350x350.jpg;US $14.69;762 positive feedback;Free Return
Zircon Tennis Letters Necklaces & Pendant For Men/Women Gold Silver Color Fashion Hip Hop Jewelry with 4mm Tennis Chain;https://www.aliexpress.com/item/32954313320.html?gps-id=5950812&scm=1007.23961.125497.0&scm_id=1007.23961.125497.0&scm-url=1007.23961.125497.0&pvid=5d2d5649-c3ef-490f-afa8-21815c23f2cd;https://ae01.alicdn.com/kf/HTB12wbsX6nuK1RkSmFPq6AuzFXar.jpg_350x350.jpg;US $22.45;472 positive feedback;Free Return
Original LCD For Samsung Galaxy S8 Lcd Display S8 plus G950 G950F G955fd G955F G955 With Burn Shadow With Touch Screen Digitize;https://www.aliexpress.com/item/32972179848.html?gps-id=5950812&scm=1007.23961.125497.0&scm_id=1007.23961.125497.0&scm-url=1007.23961.125497.0&pvid=5d2d5649-c3ef-490f-afa8-21815c23f2cd;https://ae01.alicdn.com/kf/H14389b52e3f9408eb97b6cf3e4c448d9N.jpg_350x350.jpg;US $78.02;1463 positive feedback;Free Return
Yesello Plus Size M-5XL Summer Hole Ripped Jeans Women Jeggings Cool Denim High Waist Skinny Jeans Pants Pencil Trousers Black;https://www.aliexpress.com/item/32892728979.html?gps-id=5950812&scm=1007.23961.125497.0&scm_id=1007.23961.125497.0&scm-url=1007.23961.125497.0&pvid=5d2d5649-c3ef-490f-afa8-21815c23f2cd;https://ae01.alicdn.com/kf/HTB1Fac0D_tYBeNjy1Xdq6xXyVXa4.jpg_350x350.jpg;US $13.07;1257 positive feedback;
Global Version Xiaomi Redmi Note 8 Pro 6GB 64GB Mobile Phone 64MP Quad Camera MTK Helio G90T Octa Core Smartphone 4500mAh NFC;https://www.aliexpress.com/item/4000147424812.html?gps-id=5950812&scm=1007.23961.125497.0&scm_id=1007.23961.125497.0&scm-url=1007.23961.125497.0&pvid=5d2d5649-c3ef-490f-afa8-21815c23f2cd;https://ae01.alicdn.com/kf/H8e7c6f9a90714bdfa1a00d2e97226fc5T.jpg_350x350.jpg;US $212.00;25615 positive feedback;
Sapphire Straight Bundles With Closure Brazilian Hair Weave Bundles With Closure Human Hair Bundles With Closure Hair Extension;https://www.aliexpress.com/item/32840627909.html?gps-id=5950812&scm=1007.23961.125497.0&scm_id=1007.23961.125497.0&scm-url=1007.23961.125497.0&pvid=a31e44e6-76e6-492d-9c07-36dfb67dea03;https://ae01.alicdn.com/kf/H0729d093e3344df5b852f9fd2c1257c0V.jpg_350x350.jpg;US $43.68;1868 positive feedback;
Global Version UMIDIGI A5 PRO Android 9.0 Octa Core 6.3' FHD+ Waterdrop 16MP Triple Camera 4150mAh 4GB RAM 4G Celular Smartphone;https://www.aliexpress.com/item/33006725265.html?gps-id=5950812&scm=1007.23961.125497.0&scm_id=1007.23961.125497.0&scm-url=1007.23961.125497.0&pvid=a31e44e6-76e6-492d-9c07-36dfb67dea03;https://ae01.alicdn.com/kf/Hd7597556577b4f5abf04aa6b2e8ef2d7j.jpg_350x350.jpg;US $99.99;18360 positive feedback;
2019 winter jacket parka for boys coats ,90% down girls jackets children's clothing snow wear kids outerwear toddler boy clothes;https://www.aliexpress.com/item/32749018490.html?gps-id=5950812&scm=1007.23961.125497.0&scm_id=1007.23961.125497.0&scm-url=1007.23961.125497.0&pvid=a31e44e6-76e6-492d-9c07-36dfb67dea03;https://ae01.alicdn.com/kf/HTB1JuzHd2WG3KVjSZFPq6xaiXXa4.jpg_350x350.jpg;US $45.45;284 positive feedback;Free Return
Most Powerful LED Headlight headlamp 5LED T6 Head Lamp Power Flashlight Torch head light 18650 battery Best For Camping, fishing;https://www.aliexpress.com/item/33031657263.html?gps-id=5950812&scm=1007.23961.125497.0&scm_id=1007.23961.125497.0&scm-url=1007.23961.125497.0&pvid=a31e44e6-76e6-492d-9c07-36dfb67dea03;https://ae01.alicdn.com/kf/Hb0912c83d87b4073a34d47522b10f9052.jpg_350x350.jpg;US $6.83;8263 positive feedback;Free Return
KINGSEVEN Men Vintage Aluminum Polarized Sunglasses Classic Brand Sun glasses Coating Lens Driving Eyewear For Men/Women;https://www.aliexpress.com/item/32793775351.html?gps-id=5950812&scm=1007.23961.125497.0&scm_id=1007.23961.125497.0&scm-url=1007.23961.125497.0&pvid=a31e44e6-76e6-492d-9c07-36dfb67dea03;https://ae01.alicdn.com/kf/Ha91f0cd6bbe24280a7147cf0a2773f2dK.jpg_350x350.jpg;US $9.11;12428 positive feedback;Free Return
TintonLife 220V/110V Household Food Vacuum Sealer Packaging Machine Film Sealer Vacuum Packer Including 15Pcs Bags;https://www.aliexpress.com/item/32614020998.html?gps-id=5950812&scm=1007.23961.125497.0&scm_id=1007.23961.125497.0&scm-url=1007.23961.125497.0&pvid=a31e44e6-76e6-492d-9c07-36dfb67dea03;https://i.alicdn.com/ae-channel-ui/2.0.0/common/img/placeholder.png;US $14.68;8964 positive feedback;Free Return,fast shipping
Simenual Workout Active Wear Ribbed Rompers Womens Jumpsuit Sporty Long Sleeve Fitness Embroidery Letter Print Zipper Jumpsuits;https://www.aliexpress.com/item/4000283199334.html?gps-id=5950812&scm=1007.23961.125497.0&scm_id=1007.23961.125497.0&scm-url=1007.23961.125497.0&pvid=a31e44e6-76e6-492d-9c07-36dfb67dea03;https://i.alicdn.com/ae-channel-ui/2.0.0/common/img/placeholder.png;US $14.74;493 positive feedback;Free Return
ELERA Baby Thermometer Infrared Digital LCD Body Measurement Forehead Ear Non-Contact Adult Body Fever IR Children  Termometro;https://www.aliexpress.com/item/32967221349.html?gps-id=5950812&scm=1007.23961.125497.0&scm_id=1007.23961.125497.0&scm-url=1007.23961.125497.0&pvid=a31e44e6-76e6-492d-9c07-36dfb67dea03;https://i.alicdn.com/ae-channel-ui/2.0.0/common/img/placeholder.png;US $59.99;13855 positive feedback;Free Return
Stretch Slipcovers Sectional Elastic Stretch Sofa Cover for Living Room Couch Cover L shape Armchair Cover Single/Two/Three seat;https://www.aliexpress.com/item/32891782796.html?gps-id=5950812&scm=1007.23961.125497.0&scm_id=1007.23961.125497.0&scm-url=1007.23961.125497.0&pvid=a31e44e6-76e6-492d-9c07-36dfb67dea03;https://i.alicdn.com/ae-channel-ui/2.0.0/common/img/placeholder.png;US $12.54;7860 positive feedback;Free Return
Eachine E520S E520 GPS FOLLOW ME WIFI FPV Quadcopter With 4K/1080P HD Wide Angle Camera Foldable Altitude Hold Durable RC Drone;https://www.aliexpress.com/item/4000016604997.html?gps-id=5950812&scm=1007.23961.125497.0&scm_id=1007.23961.125497.0&scm-url=1007.23961.125497.0&pvid=a31e44e6-76e6-492d-9c07-36dfb67dea03;https://i.alicdn.com/ae-channel-ui/2.0.0/common/img/placeholder.png;US $48.95;5300 positive feedback;fast shipping
Caiwei S6W Portable Pocket Mini 3D DLP Projector LED Home Cinema Support HD Video  WIFI Mobile Beamer For Smartphone Projectors;https://aliexpress.ru/item/32999284201.html?gps-id=5950812&scm=1007.23961.125497.0&scm_id=1007.23961.125497.0&scm-url=1007.23961.125497.0&pvid=a31e44e6-76e6-492d-9c07-36dfb67dea03;https://i.alicdn.com/ae-channel-ui/2.0.0/common/img/placeholder.png;US $276.07;1838 positive feedback;Free Return
Jooan 8CH 1536P CCTV Wireless System Audio Record 4/8PCS 3.0MP Outdoor P2P Wifi IP Security Camera Set Video Surveillance Kit;https://www.aliexpress.com/item/4000373557617.html?gps-id=5950812&scm=1007.23961.125497.0&scm_id=1007.23961.125497.0&scm-url=1007.23961.125497.0&pvid=a31e44e6-76e6-492d-9c07-36dfb67dea03;https://i.alicdn.com/ae-channel-ui/2.0.0/common/img/placeholder.png;US $129.99;894 positive feedback;Free Return,fast shipping
TintonLife 220V/110V Household Food Vacuum Sealer Packaging Machine Film Sealer Vacuum Packer Including 15Pcs Bags;https://www.aliexpress.com/item/32614020998.html?gps-id=5950812&scm=1007.23961.125497.0&scm_id=1007.23961.125497.0&scm-url=1007.23961.125497.0&pvid=a31e44e6-76e6-492d-9c07-36dfb67dea03;https://ae01.alicdn.com/kf/HTB1pY17X5nrK1Rjy1Xcq6yeDVXao.jpg_350x350.jpg;US $14.68;8964 positive feedback;Free Return,fast shipping
Simenual Workout Active Wear Ribbed Rompers Womens Jumpsuit Sporty Long Sleeve Fitness Embroidery Letter Print Zipper Jumpsuits;https://www.aliexpress.com/item/4000283199334.html?gps-id=5950812&scm=1007.23961.125497.0&scm_id=1007.23961.125497.0&scm-url=1007.23961.125497.0&pvid=a31e44e6-76e6-492d-9c07-36dfb67dea03;https://ae01.alicdn.com/kf/Hea24a12b2963484a852c4c99cf1c977bA.jpg_350x350.jpg;US $14.74;493 positive feedback;Free Return
ELERA Baby Thermometer Infrared Digital LCD Body Measurement Forehead Ear Non-Contact Adult Body Fever IR Children  Termometro;https://www.aliexpress.com/item/32967221349.html?gps-id=5950812&scm=1007.23961.125497.0&scm_id=1007.23961.125497.0&scm-url=1007.23961.125497.0&pvid=a31e44e6-76e6-492d-9c07-36dfb67dea03;https://ae01.alicdn.com/kf/He78badc613134f0dbcff4ed79c74833dq.jpg_350x350.jpg;US $59.99;13855 positive feedback;Free Return
Stretch Slipcovers Sectional Elastic Stretch Sofa Cover for Living Room Couch Cover L shape Armchair Cover Single/Two/Three seat;https://www.aliexpress.com/item/32891782796.html?gps-id=5950812&scm=1007.23961.125497.0&scm_id=1007.23961.125497.0&scm-url=1007.23961.125497.0&pvid=a31e44e6-76e6-492d-9c07-36dfb67dea03;https://ae01.alicdn.com/kf/HTB1nUwiQ7voK1RjSZPfq6xPKFXa1.jpg_350x350.jpg;US $12.54;7860 positive feedback;Free Return
Eachine E520S E520 GPS FOLLOW ME WIFI FPV Quadcopter With 4K/1080P HD Wide Angle Camera Foldable Altitude Hold Durable RC Drone;https://www.aliexpress.com/item/4000016604997.html?gps-id=5950812&scm=1007.23961.125497.0&scm_id=1007.23961.125497.0&scm-url=1007.23961.125497.0&pvid=a31e44e6-76e6-492d-9c07-36dfb67dea03;https://ae01.alicdn.com/kf/Hf860e0eba9c6455c9a6f6479bf205bdb1.jpg_350x350.jpg;US $48.95;5300 positive feedback;fast shipping
Caiwei S6W Portable Pocket Mini 3D DLP Projector LED Home Cinema Support HD Video  WIFI Mobile Beamer For Smartphone Projectors;https://aliexpress.ru/item/32999284201.html?gps-id=5950812&scm=1007.23961.125497.0&scm_id=1007.23961.125497.0&scm-url=1007.23961.125497.0&pvid=a31e44e6-76e6-492d-9c07-36dfb67dea03;https://ae01.alicdn.com/kf/Hcfdc89676b0a4727afbfbe3943475a65h.jpg_350x350.jpg;US $276.07;1838 positive feedback;Free Return
Jooan 8CH 1536P CCTV Wireless System Audio Record 4/8PCS 3.0MP Outdoor P2P Wifi IP Security Camera Set Video Surveillance Kit;https://www.aliexpress.com/item/4000373557617.html?gps-id=5950812&scm=1007.23961.125497.0&scm_id=1007.23961.125497.0&scm-url=1007.23961.125497.0&pvid=a31e44e6-76e6-492d-9c07-36dfb67dea03;https://ae01.alicdn.com/kf/Hd522b31fc4f44be0adce4b611ed24bcbq.jpg_350x350.jpg;US $129.99;894 positive feedback;Free Return,fast shipping
316L stainless steel watchband bezel/case DW5600 GW5000 GW-M5610 metal strap steel belt tools for men/women gift;https://www.aliexpress.com/item/33042715860.html?gps-id=5950812&scm=1007.23961.125497.0&scm_id=1007.23961.125497.0&scm-url=1007.23961.125497.0&pvid=0fcade7c-c3c3-4e94-8d3d-630466ab518a;https://ae01.alicdn.com/kf/Hd61bcea09e4e4abe9cc3833bc296fd15k.jpg_350x350.jpg;US $24.40;219 positive feedback;
Wholesale 30 pairs no box Mikiwi Eyelashes 3D Mink Lashes Handmade Dramatic Lashes 32 styles cruelty free mink lashes;https://www.aliexpress.com/item/32961886786.html?gps-id=5950812&scm=1007.23961.125497.0&scm_id=1007.23961.125497.0&scm-url=1007.23961.125497.0&pvid=0c675345-79ce-4e1c-89d9-9e1605a88bba;https://ae01.alicdn.com/kf/HTB16CV8vYvpK1RjSZFqq6AXUVXai.jpg_350x350.jpg;US $43.44;745 positive feedback;Free Return
LAZAWG Women Waist Trainer Neoprene Belt Weight Loss Cincher Body Shaper Tummy Control Strap Slimming Sweat Fat Burning Girdle;https://www.aliexpress.com/item/33015895924.html?gps-id=5950812&scm=1007.23961.125497.0&scm_id=1007.23961.125497.0&scm-url=1007.23961.125497.0&pvid=0c675345-79ce-4e1c-89d9-9e1605a88bba;https://ae01.alicdn.com/kf/HTB15XYnVNYaK1RjSZFnq6y80pXai.jpg_350x350.jpg;US $10.08;4160 positive feedback;
Nepoagym RHYTHM Women Yoga Leggings Gym Leggings Women Leggings Sport Fitness Woman Workout Leggins Ladies Black Leggings;https://www.aliexpress.com/item/4000155661235.html?gps-id=5950812&scm=1007.23961.125497.0&scm_id=1007.23961.125497.0&scm-url=1007.23961.125497.0&pvid=0c675345-79ce-4e1c-89d9-9e1605a88bba;https://ae01.alicdn.com/kf/H317e34b47acc472f9e723232ce7a8b79X.jpg_350x350.jpg;US $19.93;641 positive feedback;
Global Version Xiaomi Redmi Note 8 4GB 64GB Smartphone 48MP Camera Snapdragon 665 Mobile Phone 4000mAh Supports 18W Fast Charge;https://www.aliexpress.com/item/4000266669601.html?gps-id=5950812&scm=1007.23961.125497.0&scm_id=1007.23961.125497.0&scm-url=1007.23961.125497.0&pvid=0c675345-79ce-4e1c-89d9-9e1605a88bba;https://ae01.alicdn.com/kf/H326ff60fac1f4cde91cde0539b4d5aef3.jpg_350x350.jpg;US $154.21;12796 positive feedback;
Women Blouses 2020 Fashion Long Sleeve Turn Down Collar Office Shirt Leisure Blouse Shirt Casual Tops Plus Size Blusas Femininas;https://www.aliexpress.com/item/1000006816535.html?gps-id=5950812&scm=1007.23961.125497.0&scm_id=1007.23961.125497.0&scm-url=1007.23961.125497.0&pvid=0c675345-79ce-4e1c-89d9-9e1605a88bba;https://ae01.alicdn.com/kf/H83a0662fb0cc4e7a968697391a8b43bbX.jpg_350x350.jpg;US $7.58;6913 positive feedback;Free Return
Original Global Xiaomi Mi TV Box S 4K HDR Android TV 8.1 Ultra HD 2G 8G WIFI Google Cast Netflix Set top Mi Box 4 Media Player;https://www.aliexpress.com/item/32948022517.html?gps-id=5950812&scm=1007.23961.125497.0&scm_id=1007.23961.125497.0&scm-url=1007.23961.125497.0&pvid=0c675345-79ce-4e1c-89d9-9e1605a88bba;https://ae01.alicdn.com/kf/Ha9588b30a53549ca819c4d035d82535fS.jpg_350x350.jpg;US $56.02;15715 positive feedback;Free Return
18pcs children cartoon hair clip girl gift headwear boxed hairpin hair rope accessories hair ring circle kid lovely;https://www.aliexpress.com/item/32970963217.html?gps-id=5950812&scm=1007.23961.125497.0&scm_id=1007.23961.125497.0&scm-url=1007.23961.125497.0&pvid=0c675345-79ce-4e1c-89d9-9e1605a88bba;https://ae01.alicdn.com/kf/HTB1f2OiaOzxK1RkSnaVq6xn9VXai.jpg_350x350.jpg;US $4.83;9532 positive feedback;Free Return
COLMI P8 1.4 inch Smart Watch Men Full Touch Fitness Tracker Blood Pressure Smart Clock Women GTS Smartwatch for Xiaomi;https://www.aliexpress.com/item/4000548862852.html?gps-id=5950812&scm=1007.23961.125497.0&scm_id=1007.23961.125497.0&scm-url=1007.23961.125497.0&pvid=0c675345-79ce-4e1c-89d9-9e1605a88bba;https://ae01.alicdn.com/kf/Hcf05e778a00f4ab184097447a6ba732bb.jpg_350x350.jpg;US $21.27;1157 positive feedback;
DEKO New Arrival Banger 12V 16V 20V Cordless Drill Electric Screwdriver Mini Wireless Power Driver DC Lithium-Ion Battery 3/8-In;https://www.aliexpress.com/item/4000006310115.html?gps-id=5950812&scm=1007.23961.125497.0&scm_id=1007.23961.125497.0&scm-url=1007.23961.125497.0&pvid=0c675345-79ce-4e1c-89d9-9e1605a88bba;https://ae01.alicdn.com/kf/H33823b7bb8944b9d962e029e6a79e38e3.jpg_350x350.jpg;US $24.74;12535 positive feedback;Free Return
HALOQUEEN Short Human Hair Wigs Peruvian Body Wave Wig Hair Pre-Plucked Hairline Wavy 8-14 Inch Short Bob Lace Closure Wigs;https://www.aliexpress.com/item/4000035059629.html?gps-id=5950812&scm=1007.23961.125497.0&scm_id=1007.23961.125497.0&scm-url=1007.23961.125497.0&pvid=0c675345-79ce-4e1c-89d9-9e1605a88bba;https://ae01.alicdn.com/kf/Hca4d21ff01ec46a296758ee4d0b99375b.jpg_350x350.jpg;US $49.53;706 positive feedback;Free Return
2019 Zipper Men Jackets Autumn Winter Casual Fleece Coats Bomber Jacket Scarf Collar Fashion Hooded Male Outwear Slim Fit Hoody;https://www.aliexpress.com/item/33040385737.html?gps-id=5950812&scm=1007.23961.125497.0&scm_id=1007.23961.125497.0&scm-url=1007.23961.125497.0&pvid=0c675345-79ce-4e1c-89d9-9e1605a88bba;https://ae01.alicdn.com/kf/H486a14078d2d41ba907ceca6fb4aba48n.jpg_350x350.jpg;US $8.99;2120 positive feedback;
PAGANI Design Brand Luxury Men Watches Automatic Black Watch Men Stainless Steel Waterproof Business Sport Mechanical Wristwatch;https://www.aliexpress.com/item/32963970331.html?gps-id=5950812&scm=1007.23961.125497.0&scm_id=1007.23961.125497.0&scm-url=1007.23961.125497.0&pvid=62b066f0-ea11-4f15-812e-c53d77114797;https://ae01.alicdn.com/kf/H59e46382a0e54424b9160be3e990963ck.jpg_350x350.jpg;US $74.99;1245 positive feedback;
LIFFLY Dubai Jewelry Sets Big Necklace Classic Water Drop Shape Bracelet Earrings Ring for Women Wedding Jewelry Sets for Bride;https://www.aliexpress.com/item/4000097899343.html?gps-id=5950812&scm=1007.23961.125497.0&scm_id=1007.23961.125497.0&scm-url=1007.23961.125497.0&pvid=62b066f0-ea11-4f15-812e-c53d77114797;https://ae01.alicdn.com/kf/H8cf4403c9ab741c8ba0562203dfd5bfdm.jpg_350x350.jpg;US $10.89;887 positive feedback;
Huami Amazfit Bip Smart Watch Bluetooth GPS Sport Heart Rate Monitor IP68 Waterproof Call Reminder MiFit APP Alarm Vibration;https://www.aliexpress.com/item/32976119005.html?gps-id=5950812&scm=1007.23961.125497.0&scm_id=1007.23961.125497.0&scm-url=1007.23961.125497.0&pvid=62b066f0-ea11-4f15-812e-c53d77114797;https://ae01.alicdn.com/kf/H5a07b9768cdb49a9a00a217f4b7b4c16E.jpg_350x350.jpg;US $69.99;9938 positive feedback;Free Return
BARCUR Aluminum Magnesium Men's Sunglasses Men Polarized Coating Mirror Glasses oculos Male Eyewear Accessories For Men;https://www.aliexpress.com/item/32790907015.html?gps-id=5950812&scm=1007.23961.125497.0&scm_id=1007.23961.125497.0&scm-url=1007.23961.125497.0&pvid=62b066f0-ea11-4f15-812e-c53d77114797;https://ae01.alicdn.com/kf/H93de833565114cfeb6b7657a2423e8453.jpg_350x350.jpg;US $8.83;5387 positive feedback;Free Return
100% Genuine leather Big capacity backpack for women weaving tassel sheepskin travel bag sac transport bag pack for laptop cell;https://www.aliexpress.com/item/33019749021.html?gps-id=5950812&scm=1007.23961.125497.0&scm_id=1007.23961.125497.0&scm-url=1007.23961.125497.0&pvid=62b066f0-ea11-4f15-812e-c53d77114797;https://ae01.alicdn.com/kf/HTB18I05XRKw3KVjSZTEq6AuRpXaQ.jpg_350x350.jpg;US $21.81;67 positive feedback;Free Return
"IN STOCK UMIDIGI F2 Android 10 Global Version 6.53""FHD+6GB 128GB 48MP AI Quad Camera 32MP Selfie Helio P70 Cellphone 5150mAh NFC";https://www.aliexpress.com/item/4000178715895.html?gps-id=5950812&scm=1007.23961.125497.0&scm_id=1007.23961.125497.0&scm-url=1007.23961.125497.0&pvid=62b066f0-ea11-4f15-812e-c53d77114797;https://ae01.alicdn.com/kf/Hc71b68e06fd049fbae8764e4f5af0c7as.jpg_350x350.jpg;US $197.49;8322 positive feedback;
Foreverlily 7 Colors Led Facial Mask Led Korean Photon Therapy Face Mask Machine Light Therapy Acne Mask Neck Beauty Led Mask;https://www.aliexpress.com/item/32880600969.html?gps-id=5950812&scm=1007.23961.125497.0&scm_id=1007.23961.125497.0&scm-url=1007.23961.125497.0&pvid=62b066f0-ea11-4f15-812e-c53d77114797;https://i.alicdn.com/ae-channel-ui/2.0.0/common/img/placeholder.png;US $26.27;965 positive feedback;fast shipping
Livie & Luca Ruche Children's Shoes Outdoor Super Perfect Design Cute Girls Barefoot  Casual Sneakers 1-11 Years Old;https://www.aliexpress.com/item/32969964020.html?gps-id=5950812&scm=1007.23961.125497.0&scm_id=1007.23961.125497.0&scm-url=1007.23961.125497.0&pvid=62b066f0-ea11-4f15-812e-c53d77114797;https://i.alicdn.com/ae-channel-ui/2.0.0/common/img/placeholder.png;US $21.60;255 positive feedback;Free Return
Portable Lint Remover Clothes Fuzz Fabric Shaver Brush Tool Power-Free Fluff Removing Roller for Sweater Woven Coat;https://www.aliexpress.com/item/4000369492502.html?gps-id=5950812&scm=1007.23961.125497.0&scm_id=1007.23961.125497.0&scm-url=1007.23961.125497.0&pvid=62b066f0-ea11-4f15-812e-c53d77114797;https://i.alicdn.com/ae-channel-ui/2.0.0/common/img/placeholder.png;US $0.01;3185 positive feedback;
HLXG Mini Canbus lampada H4 H7 LED Car Headlight 12V 10000LM 4300K 6000K 8000K Lamp H3 H1 9005 HB3 9006 HB4 H8 H9 H11 light Bulb;https://www.aliexpress.com/item/32832975978.html?gps-id=5950812&scm=1007.23961.125497.0&scm_id=1007.23961.125497.0&scm-url=1007.23961.125497.0&pvid=62b066f0-ea11-4f15-812e-c53d77114797;https://i.alicdn.com/ae-channel-ui/2.0.0/common/img/placeholder.png;US $6.59;10201 positive feedback;
2019 Muti-fuction Baby/Adult Digital Termomete Infrared Forehead Body Thermometer Gun Non-contact Temperature Measurement Device;https://www.aliexpress.com/item/32795820540.html?gps-id=5950812&scm=1007.23961.125497.0&scm_id=1007.23961.125497.0&scm-url=1007.23961.125497.0&pvid=62b066f0-ea11-4f15-812e-c53d77114797;https://i.alicdn.com/ae-channel-ui/2.0.0/common/img/placeholder.png;US $52.80;11042 positive feedback;
Transparent Magic Nano Tape Washable Reusable Double-Sided Tape Adhesive Nano-No Trace Paste Removable Glue Cleanable Household;https://aliexpress.ru/item/4000198089081.html?gps-id=5950812&scm=1007.23961.125497.0&scm_id=1007.23961.125497.0&scm-url=1007.23961.125497.0&pvid=62b066f0-ea11-4f15-812e-c53d77114797;https://i.alicdn.com/ae-channel-ui/2.0.0/common/img/placeholder.png;US $1.58;8456 positive feedback;Free Return
Foreverlily 7 Colors Led Facial Mask Led Korean Photon Therapy Face Mask Machine Light Therapy Acne Mask Neck Beauty Led Mask;https://www.aliexpress.com/item/32880600969.html?gps-id=5950812&scm=1007.23961.125497.0&scm_id=1007.23961.125497.0&scm-url=1007.23961.125497.0&pvid=62b066f0-ea11-4f15-812e-c53d77114797;https://ae01.alicdn.com/kf/Haf9af02bdf5140aeb2f46b9b237ba118i.jpg_350x350.jpg;US $26.27;965 positive feedback;fast shipping
Livie & Luca Ruche Children's Shoes Outdoor Super Perfect Design Cute Girls Barefoot  Casual Sneakers 1-11 Years Old;https://www.aliexpress.com/item/32969964020.html?gps-id=5950812&scm=1007.23961.125497.0&scm_id=1007.23961.125497.0&scm-url=1007.23961.125497.0&pvid=62b066f0-ea11-4f15-812e-c53d77114797;https://ae01.alicdn.com/kf/H0dd7e95217bd4b00883830cce9a26950r.jpg_350x350.jpg;US $21.60;255 positive feedback;Free Return
Portable Lint Remover Clothes Fuzz Fabric Shaver Brush Tool Power-Free Fluff Removing Roller for Sweater Woven Coat;https://www.aliexpress.com/item/4000369492502.html?gps-id=5950812&scm=1007.23961.125497.0&scm_id=1007.23961.125497.0&scm-url=1007.23961.125497.0&pvid=62b066f0-ea11-4f15-812e-c53d77114797;https://ae01.alicdn.com/kf/Hab43b6b7e29c48d18faaf1e8be1298cel.jpg_350x350.jpg;US $0.01;3185 positive feedback;
HLXG Mini Canbus lampada H4 H7 LED Car Headlight 12V 10000LM 4300K 6000K 8000K Lamp H3 H1 9005 HB3 9006 HB4 H8 H9 H11 light Bulb;https://www.aliexpress.com/item/32832975978.html?gps-id=5950812&scm=1007.23961.125497.0&scm_id=1007.23961.125497.0&scm-url=1007.23961.125497.0&pvid=62b066f0-ea11-4f15-812e-c53d77114797;https://ae01.alicdn.com/kf/Hea780d1a49f04bc3b1ed4f34eb8c1a5d5.jpg_350x350.jpg;US $6.59;10201 positive feedback;
2019 Muti-fuction Baby/Adult Digital Termomete Infrared Forehead Body Thermometer Gun Non-contact Temperature Measurement Device;https://www.aliexpress.com/item/32795820540.html?gps-id=5950812&scm=1007.23961.125497.0&scm_id=1007.23961.125497.0&scm-url=1007.23961.125497.0&pvid=62b066f0-ea11-4f15-812e-c53d77114797;https://ae01.alicdn.com/kf/HTB1p1XpgHsTMeJjy1zcq6xAgXXaO.jpg_350x350.jpg;US $52.80;11042 positive feedback;
Transparent Magic Nano Tape Washable Reusable Double-Sided Tape Adhesive Nano-No Trace Paste Removable Glue Cleanable Household;https://aliexpress.ru/item/4000198089081.html?gps-id=5950812&scm=1007.23961.125497.0&scm_id=1007.23961.125497.0&scm-url=1007.23961.125497.0&pvid=62b066f0-ea11-4f15-812e-c53d77114797;https://ae01.alicdn.com/kf/H5bcee3515b4c46c48c9b8d4489d8bfc74.jpg_350x350.jpg;US $1.58;8456 positive feedback;Free Return
Curren Woman Watches Rose Gold Top Brand Luxury Watch Women Quartz Waterproof Women's Wristwatch Ladies Girls Watches Clock;https://www.aliexpress.com/item/33027554480.html?gps-id=5950812&scm=1007.23961.125497.0&scm_id=1007.23961.125497.0&scm-url=1007.23961.125497.0&pvid=0fcade7c-c3c3-4e94-8d3d-630466ab518a;https://ae01.alicdn.com/kf/HTB1KObRaB1D3KVjSZFyq6zuFpXaq.jpg_350x350.jpg;US $16.95;215 positive feedback;Free Return
Muscle Massage Gun Sport Therapy Massager Body Relaxation Pain Relief Slimming Shaping Massager 4 Heads With Bag;https://www.aliexpress.com/item/4000144320494.html?gps-id=5950812&scm=1007.23961.125497.0&scm_id=1007.23961.125497.0&scm-url=1007.23961.125497.0&pvid=5183f71b-db9c-4aea-97e7-0a24fad89e28;https://ae01.alicdn.com/kf/H761cea3c71c546d9af239c31fa7d9da8Y.jpg_350x350.jpg;US $48.50;1915 positive feedback;
Original 70mai Dash Cam Pro 1944P Speed & Coordinates GPS ADAS 70mai pro Car Dash Camera WiFi DVR Voice Control 24H Park 70 MAI;https://www.aliexpress.com/item/32931282121.html?gps-id=5950812&scm=1007.23961.125497.0&scm_id=1007.23961.125497.0&scm-url=1007.23961.125497.0&pvid=5183f71b-db9c-4aea-97e7-0a24fad89e28;https://ae01.alicdn.com/kf/H9267b7e27d374c4cae42b11dcb7f25a9R.jpg_350x350.jpg;US $59.99;16371 positive feedback;Free Return,fast shipping
30000mAh ROMOSS Sense 8+ Power Bank Portable External Battery With PD Two-way Fast Charging Portable Powerbank Charger For Phone;https://www.aliexpress.com/item/32922853761.html?gps-id=5950812&scm=1007.23961.125497.0&scm_id=1007.23961.125497.0&scm-url=1007.23961.125497.0&pvid=5183f71b-db9c-4aea-97e7-0a24fad89e28;https://ae01.alicdn.com/kf/H5e657cf9f7ae4dc091dda461dbe1d069r.jpg_350x350.jpg;US $21.62;8949 positive feedback;
Original Xiaomi Mi Band 4 Smart Bluetooth 5.0 Wristband Fitness Bracelet AMOLED Color Touch Screen Music AI Heart Rate;https://www.aliexpress.com/item/33030441233.html?gps-id=5950812&scm=1007.23961.125497.0&scm_id=1007.23961.125497.0&scm-url=1007.23961.125497.0&pvid=5183f71b-db9c-4aea-97e7-0a24fad89e28;https://ae01.alicdn.com/kf/H2deb4d23f6f24a20a03f29c9d358687di.jpg_350x350.jpg;US $19.85;4685 positive feedback;
PZOZ usb cable for iphone cable 11 pro max Xs Xr X 8 7 6 plus 6s 5s plus ipad air mini 4 fast charging cables For iphone charger;https://www.aliexpress.com/item/32632635156.html?gps-id=5950812&scm=1007.23961.125497.0&scm_id=1007.23961.125497.0&scm-url=1007.23961.125497.0&pvid=5183f71b-db9c-4aea-97e7-0a24fad89e28;https://ae01.alicdn.com/kf/H7ba757c3adba4414a6bcb5c34c11e9e0g.jpg_350x350.jpg;US $0.01;25635 positive feedback;Free Return
40Pcs/lot Fine Cheap Velvet Elastic Hair Bands Scrunchy Hair Rope for Women Girls Hair Grooming Accessories Whoelsale 30H;https://www.aliexpress.com/item/33041805306.html?gps-id=5950812&scm=1007.23961.125497.0&scm_id=1007.23961.125497.0&scm-url=1007.23961.125497.0&pvid=5183f71b-db9c-4aea-97e7-0a24fad89e28;https://ae01.alicdn.com/kf/HTB1JhEkaA9E3KVjSZFGq6A19XXas.jpg_350x350.jpg;US $7.20;1975 positive feedback;
Women Boots Winter Warm Snow Boots Women Faux Suede Ankle Boots For Female Winter Shoes Botas Mujer Plush Shoes Woman WSH3132;https://www.aliexpress.com/item/32947185480.html?gps-id=5950812&scm=1007.23961.125497.0&scm_id=1007.23961.125497.0&scm-url=1007.23961.125497.0&pvid=5183f71b-db9c-4aea-97e7-0a24fad89e28;https://ae01.alicdn.com/kf/HTB1l0qUXsfrK1RkSnb4q6xHRFXaA.jpg_350x350.jpg;US $6.12;1618 positive feedback;
2020 luxury brand women scarf summer silk scarves shawls lady wraps soft pashimina female Echarpe Designer beach stole bandana;https://www.aliexpress.com/item/32841083103.html?gps-id=5950812&scm=1007.23961.125497.0&scm_id=1007.23961.125497.0&scm-url=1007.23961.125497.0&pvid=5183f71b-db9c-4aea-97e7-0a24fad89e28;https://ae01.alicdn.com/kf/H1550ad9b67e54326a9aab0ecd85ec1b2X.jpg_350x350.jpg;US $4.27;4558 positive feedback;Free Return
Baseus Quick Charge 4.0 3.0 USB Car Charger For iPhone Xiaomi Huawei QC4.0 QC3.0 QC Auto Type C PD Fast Car Mobile Phone Charger;https://www.aliexpress.com/item/32970589225.html?gps-id=5950812&scm=1007.23961.125497.0&scm_id=1007.23961.125497.0&scm-url=1007.23961.125497.0&pvid=5183f71b-db9c-4aea-97e7-0a24fad89e28;https://ae01.alicdn.com/kf/H926f467b0ab84ca4958a9c8913d6bb41o.jpg_350x350.jpg;US $4.92;14650 positive feedback;Free Return
Outdoor PTZ Wireless  CCTV IP Camera Wifi Move Detection Infrared Night Vision Waterproof Surveillance RJ45/Wifi Dome Camera;https://www.aliexpress.com/item/4000165617227.html?gps-id=5950812&scm=1007.23961.125497.0&scm_id=1007.23961.125497.0&scm-url=1007.23961.125497.0&pvid=5183f71b-db9c-4aea-97e7-0a24fad89e28;https://ae01.alicdn.com/kf/H08a7c6a6b17b4117ae567311a773887d1.jpg_350x350.jpg;US $31.00;2361 positive feedback;
Ergonomic Wired Gaming Mouse 7 Button LED 5500 DPI USB Computer Mouse Gamer Mice X7 Silent Mause With Backlight For PC Laptop;https://www.aliexpress.com/item/32410588498.html?gps-id=5950812&scm=1007.23961.125497.0&scm_id=1007.23961.125497.0&scm-url=1007.23961.125497.0&pvid=2c9d827a-dc8e-4f6c-a135-6ef3a78936a3;https://ae01.alicdn.com/kf/Hc78912bfa5d84d238a71a43217fe30b3b.jpg_350x350.jpg;US $6.35;6763 positive feedback;Free Return
2019 New Smart watch LBS Kid SmartWatches Baby Watch for Children SOS Call Location Finder Locator Tracker Anti Lost Monitor+Box;https://www.aliexpress.com/item/32983738620.html?gps-id=5950812&scm=1007.23961.125497.0&scm_id=1007.23961.125497.0&scm-url=1007.23961.125497.0&pvid=2c9d827a-dc8e-4f6c-a135-6ef3a78936a3;https://ae01.alicdn.com/kf/HTB1YosiKMDqK1RjSZSyq6yxEVXan.jpg_350x350.jpg;US $17.49;3998 positive feedback;
hlxg H4 LED H7 H11 H8 HB4 H1 H3 9005 HB3 Auto S2 Car Headlight Bulbs 72W 8000LM Car Accessories 6500K 4300K 8000K led fog light;https://www.aliexpress.com/item/32749693992.html?gps-id=5950812&scm=1007.23961.125497.0&scm_id=1007.23961.125497.0&scm-url=1007.23961.125497.0&pvid=2c9d827a-dc8e-4f6c-a135-6ef3a78936a3;https://ae01.alicdn.com/kf/H69df738936f243a0b4331535e110f560I.jpg_350x350.jpg;US $11.15;12570 positive feedback;
ZNP 1m 2m Micro USB Cable Fast Charging For Xiaomi Redmi Note 5 Pro Android Mobile Phone Data Cable for Samsung S7 Micro Charger;https://www.aliexpress.com/item/32996600477.html?gps-id=5950812&scm=1007.23961.125497.0&scm_id=1007.23961.125497.0&scm-url=1007.23961.125497.0&pvid=2c9d827a-dc8e-4f6c-a135-6ef3a78936a3;https://ae01.alicdn.com/kf/HTB1NLZjVwHqK1RjSZFPq6AwapXav.jpg_350x350.jpg;US $0.94;69391 positive feedback;
Android 9.0 4G 64G TV BOX 6K Youtube Google Assistant 3D Video TV receiver Wifi Bluetooth TV Box  Play Store Set top Box;https://www.aliexpress.com/item/4000012017401.html?gps-id=5950812&scm=1007.23961.125497.0&scm_id=1007.23961.125497.0&scm-url=1007.23961.125497.0&pvid=2c9d827a-dc8e-4f6c-a135-6ef3a78936a3;https://ae01.alicdn.com/kf/H7f7af1ee90d447729b330385fd23c86bq.jpg_350x350.jpg;US $27.69;8500 positive feedback;
Led flashlight Ultra Bright torch T6/L2/V6 Camping light 5 switch Modes waterproof Zoomable Bicycle Light  use 18650 battery;https://www.aliexpress.com/item/32802300474.html?gps-id=5950812&scm=1007.23961.125497.0&scm_id=1007.23961.125497.0&scm-url=1007.23961.125497.0&pvid=2c9d827a-dc8e-4f6c-a135-6ef3a78936a3;https://ae01.alicdn.com/kf/H0e572446164b41918df3aa2535ae898b2.jpg_350x350.jpg;US $4.65;16090 positive feedback;
715pcs City Police Station Car Building Blocks For Legoingly City SWAT Team Truck House Blocks Technic Diy Toy For Boys Children;https://www.aliexpress.com/item/32984931216.html?gps-id=5950812&scm=1007.23961.125497.0&scm_id=1007.23961.125497.0&scm-url=1007.23961.125497.0&pvid=2c9d827a-dc8e-4f6c-a135-6ef3a78936a3;https://ae01.alicdn.com/kf/H4996ecbca4b74a0caacaf93a68fffc68Q.jpg_350x350.jpg;US $12.55;4691 positive feedback;Free Return
Goodland 100 LED Solar Light Outdoor Solar Lamp Powered Sunlight Waterproof PIR Motion Sensor Street Light for Garden Decoration;https://www.aliexpress.com/item/33053778984.html?gps-id=5950812&scm=1007.23961.125497.0&scm_id=1007.23961.125497.0&scm-url=1007.23961.125497.0&pvid=2c9d827a-dc8e-4f6c-a135-6ef3a78936a3;https://ae01.alicdn.com/kf/Hafcb22532138450696886571b17659bfz.jpg_350x350.jpg;US $4.44;3817 positive feedback;Free Return
Patchwork Men's Sportswear Sets 2019 Autumn Winter Hooded Thick Male Casual Tracksuit Men 2 Piece Sweatshirt + Sweatpants Set;https://www.aliexpress.com/item/33060311502.html?gps-id=5950812&scm=1007.23961.125497.0&scm_id=1007.23961.125497.0&scm-url=1007.23961.125497.0&pvid=2c9d827a-dc8e-4f6c-a135-6ef3a78936a3;https://i.alicdn.com/ae-channel-ui/2.0.0/common/img/placeholder.png;US $18.48;1590 positive feedback;
Plug-in System Upgraded Motorized Roller Blind Customized Size for House and Office Google Home Alexa Compatible via Broadlink;https://www.aliexpress.com/item/33056427401.html?gps-id=5950812&scm=1007.23961.125497.0&scm_id=1007.23961.125497.0&scm-url=1007.23961.125497.0&pvid=2c9d827a-dc8e-4f6c-a135-6ef3a78936a3;https://i.alicdn.com/ae-channel-ui/2.0.0/common/img/placeholder.png;US $12.97;116 positive feedback;
CAREUD U901 Auto Truck TPMS Car Wireless Tire Pressure Monitoring System with 6 External Sensors Replaceable Battery LCD Display;https://www.aliexpress.com/item/32855053944.html?gps-id=5950812&scm=1007.23961.125497.0&scm_id=1007.23961.125497.0&scm-url=1007.23961.125497.0&pvid=2c9d827a-dc8e-4f6c-a135-6ef3a78936a3;https://i.alicdn.com/ae-channel-ui/2.0.0/common/img/placeholder.png;US $143.99;69 positive feedback;
35000/20000 RPM Electric Nail Drill Bits Set Mill Cutter Machine For Manicure Nail Tips Manicure Electric Nail Pedicure File;https://www.aliexpress.com/item/32956937320.html?gps-id=5950812&scm=1007.23961.125497.0&scm_id=1007.23961.125497.0&scm-url=1007.23961.125497.0&pvid=2c9d827a-dc8e-4f6c-a135-6ef3a78936a3;https://i.alicdn.com/ae-channel-ui/2.0.0/common/img/placeholder.png;US $12.62;10836 positive feedback;Free Return
Patchwork Men's Sportswear Sets 2019 Autumn Winter Hooded Thick Male Casual Tracksuit Men 2 Piece Sweatshirt + Sweatpants Set;https://www.aliexpress.com/item/33060311502.html?gps-id=5950812&scm=1007.23961.125497.0&scm_id=1007.23961.125497.0&scm-url=1007.23961.125497.0&pvid=2c9d827a-dc8e-4f6c-a135-6ef3a78936a3;https://ae01.alicdn.com/kf/He65df1c6f6054d9982456476d8bea9dcr.jpg_350x350.jpg;US $18.48;1590 positive feedback;
Plug-in System Upgraded Motorized Roller Blind Customized Size for House and Office Google Home Alexa Compatible via Broadlink;https://www.aliexpress.com/item/33056427401.html?gps-id=5950812&scm=1007.23961.125497.0&scm_id=1007.23961.125497.0&scm-url=1007.23961.125497.0&pvid=2c9d827a-dc8e-4f6c-a135-6ef3a78936a3;https://ae01.alicdn.com/kf/H4992d039b7c24f89b5cb867a475371b7i.jpg_350x350.jpg;US $12.97;116 positive feedback;
CAREUD U901 Auto Truck TPMS Car Wireless Tire Pressure Monitoring System with 6 External Sensors Replaceable Battery LCD Display;https://www.aliexpress.com/item/32855053944.html?gps-id=5950812&scm=1007.23961.125497.0&scm_id=1007.23961.125497.0&scm-url=1007.23961.125497.0&pvid=2c9d827a-dc8e-4f6c-a135-6ef3a78936a3;https://ae01.alicdn.com/kf/HTB10bbytv1TBuNjy0Fjq6yjyXXak.jpg_350x350.jpg;US $143.99;69 positive feedback;