keyword;
seating;Assises
seating and storage;Assises et rangement
table and desk;Tables et bureaux
storage furniture;Meubles de rangement
outdoor furniture;Mobilier d'exterieur
blankets rug;textile d'intérieur
decoration storage containers;rangement déco
wall decor;déco murale
candle and fragrance;bougie & senteur
lighting living room;luminaire
tableware accessories;Art de la table
kitchen accessories;Service de table
cocktail appetizer accessories;boisson & apéro
disposable dishes reusable;Vaisselle jetable & réutilisable
cooking stools;ustensile de cuisine
pastry accessories;pâtisserie
cooking accessories;cuisson
food storage;conservation 
take away mug and containers;take away
Beauty accessories;Accessoire de beauté
hygiene and care;hygiène & soin
cosmetics;Cosmétique
comfort and fahion;Confort & Mode
umbrella;Parapluie
health accessories;santé
creative stationery;Papeterie loisir créatif
shopping accessories;Shopping
luggage accessories;Bagagerie 
small decor;objet décoration
travel accessories;accessoire de voyage
electronics home audio;High tech Audio
Electronics car accessories;High tech accessoire voiture
Electronics photo accessories;High tech accessoire photo
Electronics cable and accessories;High tech cable et accessoire
outdoor inflatables;accessoires plein air
beach and pool accessories;accessoire plage
Sport and fitness;Sport accessoire
Birthday and events accessories;Fête & événement accessoires
gift ideas;Idées cadeaux
entertainment gadgets;divertissement gadgets
tobacco accessories;Tabac accessoires
cleaning accessories;Ménage
laundry accessories;Buanderie
room storage;Rangement 
home security accessories;Sécurité et accessoires
Pet supplies;Animalerie
childcare;Puériculture
child cosmetic;Cosmétique enfant
mother to be accessories;Future maman
kids toys;Jeux et jouets
children room decoration;Déco chambre d'enfant